UDF
------
Hiveçš„UDFåŒ…æ‹¬UDFã€UDAFå’ŒUDTFä¸‰ç§å‡½æ•°ã€‚

UDFç±»åˆ«  | æè¿°
:---- | :----
UDFï¼ˆUser Defined Functionï¼‰ | ç”¨æˆ·è‡ªå®šä¹‰æ ‡é‡å€¼å‡½æ•°ã€‚å…¶è¾“å…¥ä¸è¾“å‡ºæ˜¯ä¸€å¯¹ä¸€çš„å…³ç³»ï¼Œå³è¯»å…¥ä¸€è¡Œæ•°æ®ï¼Œå†™å‡ºä¸€æ¡è¾“å‡ºå€¼ ã€‚
UDTFï¼ˆUser Defined Table Valued Functionï¼‰ | è‡ªå®šä¹‰è¡¨å€¼å‡½æ•°ã€‚ç”¨æ¥è§£å†³ä¸€æ¬¡å‡½æ•°è°ƒç”¨è¾“å‡ºå¤šè¡Œæ•°æ®åœºæ™¯ã€‚å®ƒæ˜¯å”¯ä¸€èƒ½å¤Ÿè¿”å›å¤šä¸ªå­—æ®µçš„è‡ªå®šä¹‰å‡½æ•°ï¼Œè€ŒUDFåªèƒ½ä¸€æ¬¡è®¡ç®—è¾“å‡ºä¸€æ¡è¿”å›å€¼ã€‚
UDAFï¼ˆUser Defined Aggregation Functionï¼‰ | è‡ªå®šä¹‰èšåˆå‡½æ•°ã€‚å…¶è¾“å…¥ä¸è¾“å‡ºæ˜¯å¤šå¯¹ä¸€çš„å…³ç³»ï¼Œ å³å°†å¤šæ¡è¾“å…¥è®°å½•èšåˆæˆä¸€æ¡è¾“å‡ºå€¼ã€‚å®ƒå¯ä»¥ä¸SQLä¸­çš„GROUP BYè¯­å¥è”ç”¨ã€‚å…·ä½“è¯­æ³•è¯·å‚è§èšåˆå‡½æ•°ã€‚

# 1 UDF
ä¸‹é¢æˆ‘ä»¬å¼€å§‹ç¼–å†™è‡ªå·±çš„UDFã€‚å‡è®¾æˆ‘ä»¬æœ‰ä¸€å¼ è¡¨ï¼Œè¡¨ä¸­çš„ä¸€ä¸ªå­—æ®µå­˜å‚¨çš„æ˜¯æ¯ä¸ªç”¨æˆ·çš„ç”Ÿæ—¥ï¼Œé€šè¿‡è¿™ä¸ªä¿¡æ¯ï¼Œæˆ‘ä»¬æœŸæœ›è®¡ç®—å‡ºæ¯ä¸ªäººæ‰€å±çš„æ˜Ÿåº§ã€‚
ä¸‹é¢æ˜¯ä¸€ä¸ªæ ·æœ¬æ•°æ®` littlebigdata.txt ` 
```csv
edward capriolo,edward@media6degrees.com,2-12-1981,209.191.139.200,M,10
bob,bob@test.net,10-10-2004,10.10.10.1,M,50
sara connor,sara@sky.net,4-5-1974,64.64.5.1,F,2
```

è¿›å…¥Hiveç»ˆç«¯
```bash
# ä½¿ç”¨hive cliã€‚ä¹Ÿå¯ä»¥ä½¿ç”¨beelineï¼Œä½†è¿™è¿™æ¬¡ä¸ºäº†æ¼”ç¤ºï¼Œæˆ‘ä»¬å…ˆä½¿ç”¨hiveç™»é™†
[root@node1 ~]# hive

```

åˆ›å»ºè¡¨ï¼Œå°†æ ·æœ¬æ•°æ®å¯¼å…¥åˆ°Hiveä¸­
```sql
-- åˆ›å»º littlebigdata è¡¨
hive>  CREATE TABLE IF NOT EXISTS littlebigdata(
name STRING,
email STRING,
bday STRING,
ip STRING,
gender STRING,
anum INT
)ROW FORMAT DELIMITED FIELDS TERMINATED BY ','
STORED AS TEXTFILE;

-- åŠ è½½æ•°æ®åˆ° littlebigdata è¡¨
0: jdbc:hive2://localhost:10000> LOAD DATA LOCAL INPATH '/root/littlebigdata.txt' OVERWRITE INTO TABLE littlebigdata;

```

## ä»£ç 
æœ‰ä¸¤ç§æ–¹å¼ï¼š
* é€šè¿‡ç»§æ‰¿UDFæ¥å®ç°ï¼š[UDFZodiacSign](src/main/java/yore/UDFZodiacSign.java)
* é€šè¿‡ç»§æ‰¿GenericUDFæ¥å®ç°ï¼š[GenericUDF](src/main/java/yore/GenericUDFZodiacSign.java)

## ä½¿ç”¨
å°†JaråŒ…ä¸Šä¼ åˆ°HiveæœåŠ¡å™¨ä¸Šï¼Œå¯ä»¥æ˜¯æœ¬åœ°ï¼Œä¹Ÿå¯ä»¥æ˜¯HDFSï¼ˆæ¨èï¼‰`hadoop fs -put zodiac.jar /app/lib/`
```sql
-- åŠ è½½jarèµ„æºåŒ…
-- ADD JAR file:///opt/my_lib/zodiac.jar;
hive> ADD JAR hdfs:/app/lib/zodiac.jar;

-- æŸ¥çœ‹å¯¼å…¥çš„jar
hive>  list jar;

-- åˆ›å»ºä¸€ä¸ªä¸´æ—¶çš„å‡½æ•°ï¼Œåªåœ¨å½“å‰çš„sessionä¸‹æœ‰æ•ˆï¼Œ
hive>  CREATE TEMPORARY FUNCTION zodiac AS 'yore.UDFZodiacSign';
-- åˆ›å»ºæ°¸ä¹…å‡½æ•°ï¼Œéœ€è¦ä¸Šä¼ åˆ°hdfsã€‚åˆ›å»ºçš„æ°¸ä¹…å‡½æ•°å¯ä»¥åœ¨Hiveçš„å…ƒæ•°æ®åº“ä¸‹çš„ FUNCS è¡¨çœ‹åˆ°åˆ›å»ºçš„è¯¦ç»†ä¿¡æ¯
hive>  CREATE FUNCTION zodiac2 AS 'yore.GenericUDFZodiacSign' USING jar 'hdfs:/app/lib/zodiac.jar';

-- æŸ¥çœ‹åˆ›å»ºçš„å‡½æ•° zodiac çš„æè¿°ä¿¡æ¯
hive>  DESCRIBE FUNCTION zodiac;
hive>  DESCRIBE FUNCTION EXTENDED zodiac;

-- æŸ¥çœ‹å½“å‰ç¯å¢ƒä¸‹å¯ç”¨çš„å‡½æ•°
hive>  show functions like 'z*';

--ä½¿ç”¨è‡ªå®šä¹‰çš„å‡½æ•°æŸ¥è¯¢æ•°æ®
hive>  SELECT name, bday, zodiac(bday) FROM littlebigdata;
hive>  SELECT zodiac2("3-25-1997", "11-09-1991", "04-09-2019");

-- åˆ é™¤åˆ›å»ºçš„æ°¸ä¹…å‡½æ•°
hive>  drop function zodiac2;
--å¦‚æœä½¿ç”¨å®Œæ¯•åï¼Œå¯ä»¥æ‰§è¡Œå¦‚ä¸‹åˆ é™¤å‡½æ•°
hive>  DROP TEMPORARY FUNCTION IF EXISTS zodiac;

-- é€€å‡º
hive> exit;

```

å†æ¬¡ç™»å½•`hive`ï¼ŒæŸ¥çœ‹å¯¼å…¥çš„jarå’Œå‡½æ•°ï¼Œå‘ç°å·²ç»éƒ½æ²¡æœ‰äº†ã€‚å¦‚æœæƒ³è¿™äº›ç¡®å®ç»å¸¸ä½¿ç”¨ï¼Œå¯ä»¥å°†ä¸Šé¢çš„ç»å¸¸ç”¨åˆ°çš„å‘½ä»¤æ·»åŠ åˆ° ` $HOME/.hiverc`æ–‡ä»¶ä¸­ï¼Œ
`vim  $HOME/.hiverc`æ·»åŠ å¦‚ä¸‹å†…å®¹ï¼ˆè®°å¾—èµ‹äºˆå“åº”çš„æƒé™`chmod +x $HOME/.hiverc`ï¼‰ï¼Œå†æ¬¡è¿›å…¥beelineæŸ¥çœ‹ï¼Œå‘ç°å¯ä»¥ç›´æ¥ä½¿ç”¨è¿™ä¸ªå‡½æ•°äº†ã€‚
```sql
ADD JAR hdfs:/app/lib/zodiac.jar;
CREATE TEMPORARY FUNCTION zodiac AS 'yore.UDFZodiacSign';

```

**æ³¨æ„1**ï¼šä¸Šé¢çš„`vim  $HOME/.hiverc`ä»…ä½œç”¨äº`hive`æ–¹å¼ç™»é™†çš„ï¼Œå¦‚æœä½¿ç”¨`beeline`åˆ™ä¸ç”Ÿæ•ˆã€‚å¦‚æœä½¿ç”¨beelineå¯ä»¥è€ƒè™‘åˆ›å»ºæ°¸ä¹…å‡½æ•°çš„æ–¹å¼ã€‚

**æ³¨æ„2**ï¼šç±»å‹è½¬åŒ–å¼‚å¸¸
```
0: jdbc:hive2://localhost:10000> SELECT zodiac2("3-25-1997", "11-09-1991");
Error: Error while compiling statement: FAILED: ClassCastException java.lang.String cannot be cast to org.apache.hadoop.io.Text (state=42000,code=40000)
```
å½“ä¸ºStringæ—¶éœ€è¦è¾“å‡ºçš„ç±»å‹è½¬æ¢ä¸º org.apache.hadoop.io.Text

<br/>


# 2 UDAF
åœ¨å†™UDAFæ—¶ä¸€å®šè¦æ³¨æ„å†…å­˜çš„ä½¿ç”¨é—®é¢˜ï¼Œé€šè¿‡é…ç½®å‚æ•°å¯ä»¥è°ƒæ•´æ‰§è¡Œè¿‡ç¨‹çš„å†…å­˜ä½¿ç”¨é‡ï¼Œä½†è¿™ç§æ–¹å¼å¹¶éæ€»æ˜¯æœ‰æ•ˆï¼š
```xml
<property>
 <name>mapred.child.java.opts</name>
 <value>-Xmx200m</value>
</property>
```

MySQLä¸­æœ‰ä¸€ä¸ªå¾ˆæœ‰ç”¨çš„å‡½æ•°`GROUP_CONCAT`ï¼Œå®ƒå¯ä»¥å°†ä¸€ç»„ä¸­çš„æ‰€æœ‰å…ƒç´ æŒ‰ç…§ç”¨æˆ·æŒ‡å®šçš„åˆ†éš”ç¬¦å°è£…æˆä¸€ä¸ªå­—ç¬¦ä¸²ï¼Œä¾‹å¦‚MySQLä¸­å¦‚ä¸‹ä½¿ç”¨ï¼š
```sql
--åˆ›å»ºä¸€ä¸ªè¡¨ï¼špeople
mysql > CREATE TABLE people (name varchar(32),friendname varchar(32));

-- æ’å…¥æ•°æ®
mysql > insert into people(name, friendname) values("bob", "sara");
mysql > insert into people(name, friendname) values("bob", "john");
mysql > insert into people(name, friendname) values("bob", "ted");
mysql > insert into people(name, friendname) values("john", "sara");
mysql > insert into people(name, friendname) values("ted", "bob");
mysql > insert into people(name, friendname) values("ted", "sara");

-- æŸ¥è¯¢æ’å…¥çš„æ•°æ®
mysql > SELECT * FROM people;
+------+------------+
| name | friendname |
+------+------------+
| bob  | sara       |
| bob  | john       |
| bob  | ted        |
| john | sara       |
| ted  | bob        |
| ted  | sara       |
+------+------------+
6 rows in set (0.01 sec)
 
-- ç»Ÿè®¡æ¯ä¸ªäººçš„æ‰€æœ‰æœ‹å‹ä¿¡æ¯ã€‚ä½¿ç”¨GROUP_CONCATå°†åŒä¸€ä¸ªäººçš„æ‰€æœ‰æœ‹å‹å§“åç”¨é€—å·è¿æ¥
mysql > SELECT name, GROUP_CONCAT(friendname SEPARATOR ',') FROM people GROUP BY name;
+------+----------------------------------------+
| name | GROUP_CONCAT(friendname SEPARATOR ',') |
+------+----------------------------------------+
| bob  | sara,john,ted                          |
| john | sara                                   |
| ted  | bob,sara                               |
+------+----------------------------------------+
3 rows in set (0.00 sec)
 
```

## ç¼–å†™UDAFä»£ç ï¼Œå¹¶ä¸Šä¼ åˆ°æœåŠ¡å™¨
ä»£ç æŸ¥çœ‹ [GenericUDAFCollect](src/main/java/yore/GenericUDAFCollect.java)ã€‚

ä½¿ç”¨Mavené‡æ–°æ‰“åŒ…é¡¹ç›®ï¼Œå°†æ‰“å¥½çš„é¡¹ç›®jaråŒ…`zodiac.jar`ä¸Šä¼ åˆ°`hdfs:/app/lib/`ä¸‹ã€‚

## ä½¿ç”¨
æˆ‘ä»¬åœ¨Hiveä¸­å®ç°è¿™ä¸ªåŠŸèƒ½ã€‚å…ˆå‡†å¤‡æ•°æ®`afile.txt`ï¼Œç„¶åä¸Šä¼ åˆ°hiveæœåŠ¡å™¨ä¸Šï¼Œä¾‹å¦‚åœ¨å®¶ç›®å½•ä¸‹`$HOME`
```csv
bob,sara
bob,john
bob,ted
john,sara
ted,bob
ted,sara
```

ç™»é™†Hive CLIï¼Œè¿™æ¬¡æˆ‘ä»¬ä½¿ç”¨beelineè¿æ¥Hiveã€‚
```bash
# è¿›å…¥Beeline
[root@node1 ~]# beeline
# è¿æ¥Hiveï¼Œåé¢è¾“å…¥ç”¨æˆ·åå’Œå…å¯†
beeline> !connect jdbc:hive2://localhost:10000
```

æ‰§è¡Œå¦‚ä¸‹å‘½ä»¤ä½¿ç”¨
```sql
-- åˆ›å»ºè¡¨people
0: jdbc:hive2://localhost:10000> CREATE TABLE people (
. . . . . . . . . . . . . . . .> name varchar(32),
. . . . . . . . . . . . . . . .> friendname varchar(32)
. . . . . . . . . . . . . . . .> )ROW FORMAT DELIMITED FIELDS TERMINATED BY ','
. . . . . . . . . . . . . . . .> STORED AS TEXTFILE;

-- åŠ è½½æ•°æ®åˆ° people è¡¨
0: jdbc:hive2://localhost:10000> LOAD DATA LOCAL INPATH '${env:HOME}/afile.txt' INTO TABLE people;

-- æŸ¥çœ‹æ•°æ®
0: jdbc:hive2://localhost:10000> SELECT * FROM people LIMIT 10;
+--------------+--------------------+
| people.name  | people.friendname  |
+--------------+--------------------+
| bob          | sara               |
| bob          | john               |
| bob          | ted                |
| john         | sara               |
| ted          | bob                |
| ted          | sara               |
+--------------+--------------------+
6 rows selected (2.129 seconds)

-- ä½¿ç”¨Hiveè‡ªå¸¦çš„æ–¹æ³• collect_list è¾“å‡ºnameçš„é›†åˆ
0: jdbc:hive2://localhost:10000> SELECT collect_list(name) FROM people;
+-----------------------------------------+
|                   _c0                   |
+-----------------------------------------+
| ["bob","bob","bob","john","ted","ted"]  |
+-----------------------------------------+
1 row selected (13.076 seconds)

-- ä½¿ç”¨Hiveè‡ªå¸¦çš„æ–¹æ³• collect_set è¾“å‡ºå»é‡nameåçš„é›†åˆ
0: jdbc:hive2://localhost:10000> SELECT collect_set(name) FROM people;
+-----------------------+
|          _c0          |
+-----------------------+
| ["bob","john","ted"]  |
+-----------------------+
1 row selected (11.241 seconds)

-- ä½¿ç”¨hiveè‡ªå¸¦çš„æ–¹æ³•å®ç°ã€‚ç›´æ¥ä½¿ç”¨ collect_list è¾“å‡ºç»“æœå·®ä¸å¤šï¼Œä½†å®ƒæ˜¯ä¸€ä¸ªé›†åˆçš„æ ·å¼
-- å¹¶ä¸åƒåœ¨ MySQL é‚£æ ·ç”¨é€—å·è¿æ¥ï¼Œå› æ­¤éœ€è¦ç”¨ä¸‹é¢çš„ concat_ws å‡½æ•°ç”¨é€—å·åˆå¹¶é›†åˆä¸­çš„å…ƒç´ 
0: jdbc:hive2://localhost:10000> SELECT name,collect_list(friendname) FROM people GROUP BY name;
+-------+------------------------+
| name  |          _c1           |
+-------+------------------------+
| bob   | ["sara","john","ted"]  |
| john  | ["sara"]               |
| ted   | ["bob","sara"]         |
+-------+------------------------+
3 rows selected (10.987 seconds)

-- å¦‚æœå­—æ®µä¸æ˜¯Stringï¼Œå¯ä»¥è½¬æˆStringï¼š cast(friendname AS STRING)
0: jdbc:hive2://localhost:10000> SELECT name,concat_ws(',', collect_list(friendname)) FROM people GROUP BY name;
+-------+----------------+
| name  |      _c1       |
+-------+----------------+
| bob   | sara,john,ted  |
| john  | sara           |
| ted   | bob,sara       |
+-------+----------------+
3 rows selected (11.264 seconds)


-- é€šè¿‡ä¸Šé¢çš„æ–¹å¼ï¼Œä½†å¯ä»¥çœ‹åˆ°ä½¿ç”¨è‡ªå¸¦çš„å‡½æ•°ä¹Ÿèƒ½å®ç°è¿™ä¸ªåŠŸèƒ½
-- ä½†æ˜¯æ¯”è¾ƒå¤æ‚ï¼Œä¸­é—´ä½¿ç”¨åˆ°äº†ä¸¤ä¸ªå‡½æ•°çš„ç»„åˆæ‰æœ€ç»ˆå®ç°äº†MySQLä¸­çš„ GROUP_CONCAT åŒæ ·çš„æ–¹æ³•
-- ä¸‹é¢ä½¿ç”¨æˆ‘ä»¬è‡ªå®šçš„ UDAF æ¥å®ç°
0: jdbc:hive2://localhost:10000> ADD JAR hdfs:/app/lib/zodiac.jar;
0: jdbc:hive2://localhost:10000> CREATE TEMPORARY FUNCTION collect  AS 'yore.GenericUDAFCollect';
0: jdbc:hive2://localhost:10000> DESCRIBE FUNCTION EXTENDED collect ;
-- ä½¿ç”¨è‡ªå®šä¹‰çš„UDAFå‡½æ•°collectæŸ¥è¯¢æ•°æ®
0: jdbc:hive2://localhost:10000> SELECT name,concat_ws(',', collect (friendname)) FROM people GROUP BY name;
+-------+----------------+
| name  |      _c1       |
+-------+----------------+
| bob   | sara,john,ted  |
| john  | sara           |
| ted   | bob,sara       |
+-------+----------------+
3 rows selected (11.683 seconds)

```

# 3 UDTF
## å•è¡Œè¿”å›å¤šä¸ªå­—æ®µçš„UDTF
```bash
# è¿›å…¥Beeline
[root@node1 ~]# beeline
# è¿æ¥Hiveï¼Œåé¢è¾“å…¥ç”¨æˆ·åå’Œå…å¯†
# è¿æ¥Hiveï¼Œåé¢æç¤ºè¾“å…¥ç”¨æˆ·åå’Œå¯†ç ï¼Œè¾“å…¥ç”¨æˆ·åå’Œå¯†ç å³å¯è¿æ¥åˆ°Hive
# å…¶å®ä¹Ÿå¯ä»¥é€šè¿‡beelineè¿æ¥MySQLã€Oracleã€Impalaç­‰ï¼Œ
# ä¾‹å¦‚ Impalaï¼šbeeline -d "com.cloudera.impala.jdbc41.Driver" -u "jdbc:impala://cdh2:21050/default;auth=noSasl" --isolation=default
# ä¾‹å¦‚ MySQLï¼š!connect jdbc:mysql://cdh1:3306  root 123456 com.mysql.jdbc.Driver
beeline> !connect jdbc:hive2://localhost:10000
```

```sql
-- 1 UDFå½¢å¼ã€‚ä½¿ç”¨parse_urlå‡½æ•°

-- 1.1 æŸ¥çœ‹å‡½æ•°æ–‡æ¡£ä¿¡æ¯
0: jdbc:hive2://localhost:10000> DESCRIBE FUNCTION EXTENDED parse_url ;
+----------------------------------------------------+
|                      tab_name                      |
+----------------------------------------------------+
| parse_url(url, partToExtract[, key]) - extracts a part from a URL |
| Parts: HOST, PATH, QUERY, REF, PROTOCOL, AUTHORITY, FILE, USERINFO |
| key specifies which query to extract               |
| Example:                                           |
|   > SELECT parse_url('http://facebook.com/path/p1.php?query=1', 'HOST') FROM src LIMIT 1; |
|   'facebook.com'                                   |
|   > SELECT parse_url('http://facebook.com/path/p1.php?query=1', 'QUERY') FROM src LIMIT 1; |
|   'query=1'                                        |
|   > SELECT parse_url('http://facebook.com/path/p1.php?query=1', 'QUERY', 'query') FROM src LIMIT 1; |
|   '1'                                              |
| Function class:org.apache.hadoop.hive.ql.udf.UDFParseUrl |
| Function type:BUILTIN                              |
+----------------------------------------------------+
12 rows selected (0.069 seconds)

-- 1.2 ä½¿ç”¨ parse_url å‡½æ•°è§£æurlï¼Œå¤šæ¬¡è°ƒç”¨è§£æéœ€è¦çš„ä¿¡æ¯ã€‚
--  ä»SQLä¸Šæˆ‘ä»¬å¯ä»¥çœ‹åˆ°è¦è§£æ8ä¸ªå­—æ®µä¿¡æ¯è¾“å‡ºä¸ºè¡¨å­—æ®µæ—¶ï¼Œå°±éœ€è¦é‡å¤è°ƒç”¨8æ¬¡
0: jdbc:hive2://localhost:10000> SELECT parse_url(weblogs.url, 'HOST') AS  host,
. . . . . . . . . . . . . . . .> parse_url(weblogs.url, 'PATH') AS path ,
. . . . . . . . . . . . . . . .> parse_url(weblogs.url, 'PROTOCOL') AS protocol ,
. . . . . . . . . . . . . . . .> parse_url(weblogs.url, 'AUTHORITY') AS authority ,
. . . . . . . . . . . . . . . .> parse_url(weblogs.url, 'USERINFO') AS userinfo ,
. . . . . . . . . . . . . . . .> parse_url(weblogs.url, 'QUERY', 'sourceid') AS sourceid,
. . . . . . . . . . . . . . . .> parse_url(weblogs.url, 'QUERY', 'q') AS keyword,
. . . . . . . . . . . . . . . .> parse_url(weblogs.url, 'QUERY', 'ie') AS ie
. . . . . . . . . . . . . . . .> FROM (
. . . . . . . . . . . . . . . .> select "https://www.google.com/search?q=mercury&oq=mercury&aqs=chrome..69i57j0l4j69i60.2126j0j7&sourceid=chrome&ie=UTF-8" AS url
. . . . . . . . . . . . . . . .> ) weblogs;
+-----------------+----------+-----------+-----------------+-----------+-----------+----------+--------+
|      host       |   path   | protocol  |    authority    | userinfo  | sourceid  | keyword  |   ie   |
+-----------------+----------+-----------+-----------------+-----------+-----------+----------+--------+
| www.google.com  | /search  | https     | www.google.com  | NULL      | chrome    | mercury  | UTF-8  |
+-----------------+----------+-----------+-----------------+-----------+-----------+----------+--------+
1 row selected (0.59 seconds)



-- 2 UDTFå½¢å¼ã€‚ä½¿ç”¨ parse_url_tuple å‡½æ•°

-- 2.1 æŸ¥çœ‹å‡½æ•°æ–‡æ¡£ä¿¡æ¯
-- parse_url_tuple(url, partname1, partname2, ..., partnameN)ã€‚ä»URLä¸­æŠ½å–Nä¸ªéƒ¨åˆ†ä¿¡æ¯
-- æå–çš„ä¿¡æ¯å¯ä»¥ä¸ºï¼ˆåå­—åŒºåˆ†å¤§å°å†™ï¼Œä¸”ä¸åº”åŒ…å«ä¸å¿…è¦çš„ç©ºæ ¼ï¼‰ï¼š HOST, PATH, QUERY, REF, PROTOCOL, AUTHORITY, FILE, USERINFO, QUERY:<KEY_NAME> 
0: jdbc:hive2://localhost:10000> DESCRIBE FUNCTION EXTENDED parse_url_tuple ;
+----------------------------------------------------+
|                      tab_name                      |
+----------------------------------------------------+
| parse_url_tuple(url, partname1, partname2, ..., partnameN) - extracts N (N>=1) parts from a URL. |
| It takes a URL and one or multiple partnames, and returns a tuple. All the input parameters and output column types are string. |
| Partname: HOST, PATH, QUERY, REF, PROTOCOL, AUTHORITY, FILE, USERINFO, QUERY:<KEY_NAME> |
| Note: Partnames are case-sensitive, and should not contain unnecessary white spaces. |
| Example:                                           |
|   > SELECT b.* FROM src LATERAL VIEW parse_url_tuple(fullurl, 'HOST', 'PATH', 'QUERY', 'QUERY:id') b as host, path, query, query_id LIMIT 1; |
|   > SELECT parse_url_tuple(a.fullurl, 'HOST', 'PATH', 'QUERY', 'REF', 'PROTOCOL', 'FILE',  'AUTHORITY', 'USERINFO', 'QUERY:k1') as (ho, pa, qu, re, pr, fi, au, us, qk1) from src a; |
| Function class:org.apache.hadoop.hive.ql.udf.generic.GenericUDTFParseUrlTuple |
| Function type:BUILTIN                              |
+----------------------------------------------------+
9 rows selected (0.26 seconds)

-- 2.2 ä½¿ç”¨ parse_url_tuple å‡½æ•°è§£æurlï¼Œç„¶åç”Ÿæˆå¤šåˆ—çš„ç»“æœæ•°æ®ã€‚
--   urlå¯ä»¥æ˜¯ä»è¡¨ä¸­è·å–ï¼Œä¾‹å¦‚ select parse_url_tuple(weblogs.url, â€¦â€¦) from weblogs AS (field1, field2, â€¦â€¦);
--   è¿™é‡Œä¸ºäº†æ¼”ç¤ºç›´æ¥æŒ‡å®šäº†ä¸€ä¸ª url çš„å­—ç¬¦ä¸²ã€‚
0: jdbc:hive2://localhost:10000>  SELECT parse_url_tuple(
. . . . . . . . . . . . . . . .>  "https://www.google.com/search?q=mercury&oq=mercury&aqs=chrome..69i57j0l4j69i60.2126j0j7&sourceid=chrome&ie=UTF-8",
. . . . . . . . . . . . . . . .>  'HOST', 'PATH', 'PROTOCOL',  'AUTHORITY', 'USERINFO', 'QUERY:sourceid', 'QUERY:q', 'QUERY:ie')
. . . . . . . . . . . . . . . .>  AS (host, path, protocol, authority, userinfo, sourceid, keyword, ie);
+-----------------+----------+-----------+-----------------+-----------+-----------+----------+--------+
|      host       |   path   | protocol  |    authority    | userinfo  | sourceid  | keyword  |   ie   |
+-----------------+----------+-----------+-----------------+-----------+-----------+----------+--------+
| www.google.com  | /search  | https     | www.google.com  | NULL      | chrome    | mercury  | UTF-8  |
+-----------------+----------+-----------+-----------------+-----------+-----------+----------+--------+
1 row selected (0.168 seconds)

```

## è¿”å›å¤šè¡Œæ•°æ®çš„UDTF

UDTFä»£ç å¯ä»¥æŸ¥çœ‹ï¼š[GenericUDTFFor](src/main/java/yore/GenericUDTFFor.java)ï¼Œ
é€šè¿‡Mavenæ–¹å¼æ‰“åŒ…åæäº¤åˆ°HiveæœåŠ¡å™¨ä¸Šï¼Œå’Œå‰é¢çš„ä¸€æ ·ï¼Œæ‰§è¡Œå¦‚ä¸‹æ¥ä½¿ç”¨è¿™ä¸ªUDTFã€‚

```bash
# å°†é‡æ–°æ‰“å¥½çš„jaråŒ…ä¸Šä¼ åˆ°HDFS
hadoop fs -put zodiac.jar /app/lib

# ä½¿ç”¨beeline ç™»é™†Hive
#    å‚æ•°è¯´æ˜ï¼ˆè¿™é‡Œåˆ—å‡ºå‡ ä¸ªé‡è¦çš„ï¼Œå…¶å®ƒå‚æ•°å¯ä»¥é€šè¿‡ --helpæŸ¥çœ‹ï¼‰ï¼š
#        -u         (URL)è¦è¿æ¥çš„ JDBC URL
#        -n         (username)è¿æ¥æ•°æ®åº“çš„ç”¨æˆ·å 
#        -p         (password)è¿æ¥æ•°æ®åº“çš„ç”¨æˆ·çš„å¯†ç 
#        -d         (driver)æŒ‡å®šè¿æ¥æ•°æ®åº“çš„é©±åŠ¨
#        -i         (initialization)æŒ‡å®šåˆå§‹åŒ–çš„è„šæœ¬æ–‡ä»¶
#        -e         (executed)æ‰§è¡Œä¸€ä¸ªSQLè¯­å¥
#        -f         (file)æŒ‡å®šæ‰§è¡Œçš„SQLè„šæœ¬æ–‡ä»¶
#        --help                         è·å–å¸®åŠ©ä¿¡æ¯
#        --hiveconf property=value      ç»™å®šä¸€ä¸ªå±æ€§å’Œå€¼é…ç½®ä¿¡æ¯
#        --hivevar name=value           é…ç½®ä¸€ä¸ªå•å…ƒå˜é‡åå’Œå€¼ï¼ˆHiveç‰¹å®šçš„ï¼‰ï¼Œä¼šåœ¨ä¼šè¯çº§åˆ«è®¾ç½®å¹¶å¼•ç”¨
#        --isolation=LEVEL              æŒ‡å®šäº‹ç‰©ä¸ªéš”ç¦»çº§åˆ«ã€‚ä¾‹å¦‚ï¼š--isolation=default
#
beeline -u "jdbc:hive2://localhost:10000" -n hive

```

å‡†å¤‡æ•°æ®`student_score.txt`ï¼ˆä¾‹å¦‚æ”¾åˆ°HiveæœåŠ¡æœ¬åœ°çš„å®¶ç›®å½•ä¸‹ï¼‰ï¼Œå¦‚ä¸‹
```
bob|Chinese:80,Math:60,English:90
john|Chinese:90,Math:80,English:70
ted|Chinese:88,Math:90,English:96
sara|Chinese:99,Math:65,English:60
```

**éœ€æ±‚**ï¼šæœ‰ä¸€å¼ hiveè¡¨ï¼Œåˆ†åˆ«æ˜¯å­¦ç”Ÿå§“åname(string)ï¼Œå­¦ç”Ÿæˆç»©score(map<string,string>),æˆç»©åˆ—ä¸­keyæ˜¯å­¦ç§‘åç§°ï¼Œvalueæ˜¯å¯¹åº”å­¦ç§‘åˆ†æ•°ï¼Œ
è¯·ç”¨ä¸€ä¸ªhqlæ±‚ä¸€ä¸‹æ¯ä¸ªå­¦ç”Ÿæˆç»©æœ€å¥½çš„å­¦ç§‘åŠåˆ†æ•°ã€æœ€å·®çš„å­¦ç§‘åŠåˆ†æ•°ã€å¹³å‡åˆ†æ•°ã€‚
```sql
-- 1 å»ºè¡¨ student_score ã€‚
-- å­¦ç§‘åˆ†æ•°ä¿¡æ¯ä¸ºä¸€ä¸ªMapç±»å‹ï¼Œå­—æ®µé—´åˆ†éš”ç¬¦ä¸ºç®¡é“çº¿|ï¼Œé›†åˆå€¼çš„åˆ†éš”ç¬¦ä¸ºè‹±æ–‡é€—å·ï¼Œkeyå’Œvalueåˆ†éš”ç¬¦ä¸ºå†’å·
0: jdbc:hive2://localhost:10000> CREATE TABLE student_score(
. . . . . . . . . . . . . . . .> name string,
. . . . . . . . . . . . . . . .> score map<String,string>
. . . . . . . . . . . . . . . .> )ROW FORMAT delimited
. . . . . . . . . . . . . . . .> FIELDS TERMINATED BY '|'
. . . . . . . . . . . . . . . .> COLLECTION ITEMS TERMINATED BY ','
. . . . . . . . . . . . . . . .> MAP KEYS TERMINATED by ':'
. . . . . . . . . . . . . . . .> STORED AS TEXTFILE;

-- 2 å¯¼å…¥æ•°æ®
0: jdbc:hive2://localhost:10000> LOAD DATA LOCAL INPATH '${env:HOME}/student_score.txt' INTO TABLE student_score;

-- 3 æŸ¥çœ‹ğŸ‘€æ•°æ®
0: jdbc:hive2://localhost:10000> SELECT name,score FROM student_score;
+-------+----------------------------------------------+
| name  |                    score                     |
+-------+----------------------------------------------+
| bob   | {"Chinese":"80","Math":"60","English":"90"}  |
| john  | {"Chinese":"90","Math":"80","English":"70"}  |
| ted   | {"Chinese":"88","Math":"90","English":"96"}  |
| sara  | {"Chinese":"99","Math":"65","English":"60"}  |
+-------+----------------------------------------------+
4 rows selected (0.242 seconds)

-- 4 explodeä½¿ç”¨ã€‚Hiveä¸­æ²¡æœ‰ç›´æ¥æ“ä½œMapçš„æ–¹æ³•ï¼Œå› æ­¤éœ€è¦ç”¨è¿™ä¸ªå‡½æ•°æ‹†åˆ†ä¸ºè¡¨
0: jdbc:hive2://localhost:10000> SELECT explode(score) AS (key,value) FROM student_score;
+----------+--------+
|   key    | value  |
+----------+--------+
| Chinese  | 80     |
| Math     | 60     |
| English  | 90     |
| Chinese  | 90     |
| Math     | 80     |
| English  | 70     |
| Chinese  | 88     |
| Math     | 90     |
| English  | 96     |
| Chinese  | 99     |
| Math     | 65     |
| English  | 60     |
+----------+--------+
12 rows selected (0.18 seconds)
-- ç´§æ¥ç€æˆ‘ä»¬å¯èƒ½ä¼šæƒ³åˆ°å…³è”ä¸Šnameå°±å¯ä»¥å¤„ç†äº†å˜›ï¼Œä½†å½“æ‰§è¡Œå¦‚ä¸‹hqlæ˜¯å‘ç°æŠ¥äº†é”™ï¼Œ
-- é‚£æˆ‘ä»¬è¯¥æ€ä¹ˆæŠŠéœ€è¦çš„ä¿¡æ¯è¿æ¥åˆ° HDTF è¾“å‡ºçš„è¡¨ä¸Šå‘¢ï¼Ÿè¿™æ˜¯å°±éœ€è¦ç”¨åˆ°ä¾§è§†å›¾äº† 
0: jdbc:hive2://localhost:10000> SELECT name,explode(score) AS (key,value) FROM student_score;
Error: Error while compiling statement: FAILED: SemanticException 1:35 AS clause has an invalid number of aliases. Error encountered near token 'value' (state=42000,code=40000)

-- 5 lateral view ã€‚é—®é¢˜å®Œç¾å¾—åˆ°è§£å†³ï¼Œå‰©ä¸‹å°±å¯ä»¥å¯¹å­¦ç”Ÿå’Œåˆ†æ•°å®ç°å¤æ‚çš„åˆ†æäº†
0: jdbc:hive2://localhost:10000> SELECT name,key,value FROM student_score
. . . . . . . . . . . . . . . .> lateral VIEW explode(score) scntable AS key,value;
+-------+----------+--------+
| name  |   key    | value  |
+-------+----------+--------+
| bob   | Chinese  | 80     |
| bob   | Math     | 60     |
| bob   | English  | 90     |
| john  | Chinese  | 90     |
| john  | Math     | 80     |
| john  | English  | 70     |
| ted   | Chinese  | 88     |
| ted   | Math     | 90     |
| ted   | English  | 96     |
| sara  | Chinese  | 99     |
| sara  | Math     | 65     |
| sara  | English  | 60     |
+-------+----------+--------+
12 rows selected (0.15 seconds)

-- 6 åˆ›å»ºä¸€ä¸ªè§†å›¾
--   åªè¦ä¸ºäº†åé¢ä½¿ç”¨ 5 æ­¥çš„ç»“æœè¡¨æ—¶æ›´åŠ çš„æ–¹ä¾¿
0: jdbc:hive2://localhost:10000> CREATE VIEW IF NOT EXISTS ss_view AS
. . . . . . . . . . . . . . . .> SELECT name,key,value FROM student_score
. . . . . . . . . . . . . . . .> lateral VIEW explode(score) scntable AS key,value;
--  6.1æŸ¥çœ‹è§†å›¾è¡¨ï¼š 
0: jdbc:hive2://localhost:10000> SHOW VIEWS;
+-----------+
| tab_name  |
+-----------+
| ss_view   |
+-----------+
1 row selected (0.05 seconds)
-- 6.2 æŸ¥çœ‹è§†å›¾æ•°æ®(æ•°æ®å’Œç¬¬5æ­¥æ˜¯ä¸€æ¨¡ä¸€æ ·çš„)ï¼š 
0: jdbc:hive2://localhost:10000> SELECT name,key,value FROM ss_view;
+-------+----------+--------+
| name  |   key    | value  |
+-------+----------+--------+
| bob   | Chinese  | 80     |
| bob   | Math     | 60     |
| bob   | English  | 90     |
| john  | Chinese  | 90     |
| john  | Math     | 80     |
| john  | English  | 70     |
| ted   | Chinese  | 88     |
| ted   | Math     | 90     |
| ted   | English  | 96     |
| sara  | Chinese  | 99     |
| sara  | Math     | 65     |
| sara  | English  | 60     |
+-------+----------+--------+
12 rows selected (0.148 seconds)
-- åˆ é™¤è§†å›¾ï¼šDROP VIEW IF EXISTS ss_view

-- 7 ç”¨ç”¨hqlæ±‚å‡ºæ¯ä¸ªå­¦ç”Ÿæˆç»©æœ€å¥½çš„å­¦ç§‘(subject_max)åŠåˆ†æ•°(score_max)ã€æœ€å·®çš„å­¦ç§‘(subject_min)åŠåˆ†æ•°(score_min)ã€å¹³å‡åˆ†æ•°(score_avg)ã€‚
0: jdbc:hive2://localhost:10000> SELECT t1.name name,t1.subject_max subject_max,t1.score_max score_max,t2.subject_min subject_min, t2.score_min score_min,t2.score_avg score_avg
. . . . . . . . . . . . . . . .> FROM (SELECT ma.name name,ss_view.key subject_max,ma.score_max score_max FROM
. . . . . . . . . . . . . . . .>  (SELECT name,MAX(value) AS score_max FROM ss_view GROUP BY name) ma LEFT JOIN ss_view
. . . . . . . . . . . . . . . .>  ON ss_view.name=ma.name AND ss_view.value=ma.score_max
. . . . . . . . . . . . . . . .> ) t1 LEFT JOIN (
. . . . . . . . . . . . . . . .> SELECT mi.name name,ss_view.key subject_min,mi.score_min score_min,mi.score_avg score_avg FROM
. . . . . . . . . . . . . . . .> (SELECT name,MIN(value) AS score_min,AVG(value) score_avg FROM ss_view GROUP BY name) mi LEFT JOIN ss_view
. . . . . . . . . . . . . . . .> ON ss_view.name=mi.name AND ss_view.value=mi.score_min
. . . . . . . . . . . . . . . .> ) t2 ON t1.name=t2.name;
+-------+--------------+------------+--------------+------------+--------------------+
| name  | subject_max  | score_max  | subject_min  | score_min  |     score_avg      |
+-------+--------------+------------+--------------+------------+--------------------+
| bob   | English      | 90         | Math         | 60         | 76.66666666666667  |
| john  | Chinese      | 90         | English      | 70         | 80.0               |
| sara  | Chinese      | 99         | English      | 60         | 74.66666666666667  |
| ted   | English      | 96         | Chinese      | 88         | 91.33333333333333  |
+-------+--------------+------------+--------------+------------+--------------------+
4 rows selected (110.515 seconds)

```


```sql
-- 1 explode
-- select explode(arraycol) as newcol from tablename;
-- select explode(mapcol) as (keyname,valuename) from tablename;

-- ä¾‹å¦‚å‰é¢æ›¾é€šè¿‡ collect_set è·å–å°±æ˜¯nameçš„æ•°ç»„é›†åˆ
0: jdbc:hive2://localhost:10000> SELECT collect_set(name) as list FROM people;
+-----------------------+
|         list          |
+-----------------------+
| ["bob","john","ted"]  |
+-----------------------+
1 row selected (10.179 seconds)
-- é€šè¿‡ explode å°†ä¸Šé¢çš„åˆ—æ•°æ®è½¬æ¢ä¸ºè¡Œæ•°æ®
0: jdbc:hive2://localhost:10000> SELECT explode(collect_set(name)) as list_row FROM people;
+-----------+
| list_row  |
+-----------+
| bob       |
| john      |
| ted       |
+-----------+
3 rows selected (11.446 seconds)

-- 2 lateral view
--  æœ‰æ—¶ä½¿ç”¨UDTFä¸èƒ½å¸¦å…¶å®ƒå­—æ®µä¿¡æ¯ï¼Œå¦‚æœéœ€è¦åˆ™å¯ä»¥ä½¿ç”¨è¿™ä¸ªå‡½æ•°
--  lateral viewæ˜¯Hiveä¸­æä¾›ç»™UDTFçš„ç»“åˆï¼Œå®ƒå¯ä»¥è§£å†³UDTFä¸èƒ½æ·»åŠ é¢å¤–çš„selectåˆ—çš„é—®é¢˜ã€‚
--  å…¶å®å°±æ˜¯ä¸ºäº†å’ŒUDTFå…³è”ä½¿ç”¨çš„ã€‚
--  lateral view udtf(expression) tableAlias as columnAlias (,columnAlias)*



-- åœ¨æ¬¡æ·»åŠ æˆ‘ä»¬è‡ªå®šä¹‰å‡½æ•°çš„jaråŒ…èµ„æº
0: jdbc:hive2://localhost:10000> ADD JAR hdfs:/app/lib/zodiac.jar;

-- åˆ›å»ºä¸€ä¸ªä¸´æ—¶çš„UDTFå‡½æ•° forx
0: jdbc:hive2://localhost:10000> CREATE TEMPORARY FUNCTION forx  AS 'yore.GenericUDTFFor';

-- æŸ¥çœ‹è‡ªå®šä¹‰å‡½æ•° forx è¯´æ˜æ–‡æ¡£ä¿¡æ¯
0: jdbc:hive2://localhost:10000> DESCRIBE FUNCTION EXTENDED forx ;

-- ä½¿ç”¨è‡ªå®šä¹‰çš„UDTFå‡½æ•° forx æŸ¥è¯¢æ•°æ®ï¼Œä½¿ç”¨UTFä½¿ç”¨çš„é‚£ä¸ªè¡¨ people
0: jdbc:hive2://localhost:10000> SELECT forx(1, 5) AS i from people where name='ted';
+----+
| i  |
+----+
| 1  |
| 2  |
| 3  |
| 4  |
| 1  |
| 2  |
| 3  |
| 4  |
+----+
8 rows selected (0.18 seconds)

```


# 4 Hiveä¸­åºåˆ—
```bash
hadoop fs -put /opt/cloudera/parcels/CDH-6.2.0-1.cdh6.2.0.p0.967373/lib/hive/contrib/hive-contrib-2.1.1-cdh6.2.0.jar /app/udf-lib/
```
```sql
add jar hdfs:///app/udf-lib/hive-contrib-2.1.1-cdh6.2.0.jar;
create temporary function row_sequence as 'org.apache.hadoop.hive.contrib.udf.UDFRowSequence'; 

SELECT row_number() over(order by id),id,rank,quote FROM quote LIMIT 10;
SELECT row_sequence(),id,rank,quote FROM quote LIMIT 10;

```


